{"cameraMode":{"drawMode":0,"name":"Shaded","section":"Shading Mode"},"sceneLighting":true,"audioPlay":false,"sceneViewState":{"m_AlwaysRefresh":false,"showFog":true,"showSkybox":true,"showFlares":true,"showImageEffects":true,"showParticleSystems":true,"showVisualEffectGraphs":true,"m_FxEnabled":true},"in2DMode":false,"pivot":{"x":-0.1174878478050232,"y":-1.7613956928253174,"z":47.79005432128906},"rotation":{"x":0.23186072707176209,"y":-0.008754599839448929,"z":0.0020868065766990186,"w":0.9727069139480591},"size":4.7507452964782719,"orthographic":false}